{
    "children": [
        {
            "children": [
                {
                    "children": [
                        {
                            "name": "iodine", 
                            "size": 4913
                        }, 
                        {
                            "name": "one", 
                            "size": 402
                        }, 
                        {
                            "name": "i", 
                            "size": 4185
                        }, 
                        {
                            "name": "one", 
                            "size": 2178
                        }
                    ], 
                    "name": "I"
                }, 
                {
                    "children": [
                        {
                            "name": "state", 
                            "size": 7599
                        }, 
                        {
                            "name": "allege", 
                            "size": 6567
                        }, 
                        {
                            "name": "suppose", 
                            "size": 2676
                        }, 
                        {
                            "name": "read", 
                            "size": 7685
                        }
                    ], 
                    "name": "said"
                }, 
                {
                    "children": [], 
                    "name": "The"
                }, 
                {
                    "children": [
                        {
                            "name": "wart", 
                            "size": 7653
                        }, 
                        {
                            "name": "wart", 
                            "size": 4615
                        }, 
                        {
                            "name": "wart", 
                            "size": 2603
                        }
                    ], 
                    "name": "Wart"
                }, 
                {
                    "children": [
                        {
                            "name": "helium", 
                            "size": 3623
                        }, 
                        {
                            "name": "he", 
                            "size": 218
                        }
                    ], 
                    "name": "He"
                }, 
                {
                    "children": [
                        {
                            "name": "like", 
                            "size": 7096
                        }, 
                        {
                            "name": "like", 
                            "size": 6940
                        }, 
                        {
                            "name": "wish", 
                            "size": 818
                        }, 
                        {
                            "name": "like", 
                            "size": 7451
                        }
                    ], 
                    "name": "like"
                }, 
                {
                    "children": [
                        {
                            "name": "information_technology", 
                            "size": 179
                        }
                    ], 
                    "name": "It"
                }, 
                {
                    "children": [
                        {
                            "name": "sir", 
                            "size": 589
                        }, 
                        {
                            "name": "sir", 
                            "size": 6026
                        }
                    ], 
                    "name": "Sir"
                }, 
                {
                    "children": [], 
                    "name": "would"
                }, 
                {
                    "children": [
                        {
                            "name": "one", 
                            "size": 4643
                        }, 
                        {
                            "name": "one", 
                            "size": 7084
                        }, 
                        {
                            "name": "one", 
                            "size": 8513
                        }, 
                        {
                            "name": "one", 
                            "size": 6466
                        }
                    ], 
                    "name": "one"
                }
            ], 
            "name": "CHP 1"
        }, 
        {
            "children": [
                {
                    "children": [
                        {
                            "name": "iodine", 
                            "size": 4866
                        }, 
                        {
                            "name": "one", 
                            "size": 2126
                        }, 
                        {
                            "name": "i", 
                            "size": 2066
                        }, 
                        {
                            "name": "one", 
                            "size": 1990
                        }
                    ], 
                    "name": "I"
                }, 
                {
                    "children": [], 
                    "name": "The"
                }, 
                {
                    "children": [
                        {
                            "name": "state", 
                            "size": 992
                        }, 
                        {
                            "name": "allege", 
                            "size": 7848
                        }, 
                        {
                            "name": "suppose", 
                            "size": 830
                        }, 
                        {
                            "name": "read", 
                            "size": 7969
                        }
                    ], 
                    "name": "said"
                }, 
                {
                    "children": [
                        {
                            "name": "information_technology", 
                            "size": 9424
                        }
                    ], 
                    "name": "It"
                }, 
                {
                    "children": [
                        {
                            "name": "king", 
                            "size": 6112
                        }, 
                        {
                            "name": "king", 
                            "size": 7762
                        }, 
                        {
                            "name": "baron", 
                            "size": 5367
                        }, 
                        {
                            "name": "king", 
                            "size": 6229
                        }
                    ], 
                    "name": "King"
                }, 
                {
                    "children": [
                        {
                            "name": "helium", 
                            "size": 8449
                        }, 
                        {
                            "name": "he", 
                            "size": 6120
                        }
                    ], 
                    "name": "He"
                }, 
                {
                    "children": [], 
                    "name": "would"
                }, 
                {
                    "children": [], 
                    "name": "could"
                }, 
                {
                    "children": [
                        {
                            "name": "one", 
                            "size": 3794
                        }, 
                        {
                            "name": "one", 
                            "size": 3790
                        }, 
                        {
                            "name": "one", 
                            "size": 6813
                        }, 
                        {
                            "name": "one", 
                            "size": 5863
                        }
                    ], 
                    "name": "one"
                }, 
                {
                    "children": [
                        {
                            "name": "sir", 
                            "size": 5656
                        }, 
                        {
                            "name": "sir", 
                            "size": 1448
                        }
                    ], 
                    "name": "Sir"
                }
            ], 
            "name": "CHP 2"
        }, 
        {
            "children": [
                {
                    "children": [
                        {
                            "name": "iodine", 
                            "size": 4693
                        }, 
                        {
                            "name": "one", 
                            "size": 8299
                        }, 
                        {
                            "name": "i", 
                            "size": 9742
                        }, 
                        {
                            "name": "one", 
                            "size": 4395
                        }
                    ], 
                    "name": "I"
                }, 
                {
                    "children": [
                        {
                            "name": "lancelot", 
                            "size": 2827
                        }
                    ], 
                    "name": "Lancelot"
                }, 
                {
                    "children": [
                        {
                            "name": "helium", 
                            "size": 1142
                        }, 
                        {
                            "name": "he", 
                            "size": 7025
                        }
                    ], 
                    "name": "He"
                }, 
                {
                    "children": [
                        {
                            "name": "state", 
                            "size": 7780
                        }, 
                        {
                            "name": "allege", 
                            "size": 2240
                        }, 
                        {
                            "name": "suppose", 
                            "size": 1921
                        }, 
                        {
                            "name": "read", 
                            "size": 7797
                        }
                    ], 
                    "name": "said"
                }, 
                {
                    "children": [], 
                    "name": "The"
                }, 
                {
                    "children": [
                        {
                            "name": "information_technology", 
                            "size": 6694
                        }
                    ], 
                    "name": "It"
                }, 
                {
                    "children": [], 
                    "name": "would"
                }, 
                {
                    "children": [
                        {
                            "name": "sir", 
                            "size": 9313
                        }, 
                        {
                            "name": "sir", 
                            "size": 7228
                        }
                    ], 
                    "name": "Sir"
                }, 
                {
                    "children": [
                        {
                            "name": "like", 
                            "size": 2318
                        }, 
                        {
                            "name": "like", 
                            "size": 6237
                        }, 
                        {
                            "name": "wish", 
                            "size": 5625
                        }, 
                        {
                            "name": "like", 
                            "size": 5290
                        }
                    ], 
                    "name": "like"
                }, 
                {
                    "children": [], 
                    "name": "could"
                }
            ], 
            "name": "CHP 3"
        }, 
        {
            "children": [
                {
                    "children": [
                        {
                            "name": "iodine", 
                            "size": 8015
                        }, 
                        {
                            "name": "one", 
                            "size": 1267
                        }, 
                        {
                            "name": "i", 
                            "size": 1685
                        }, 
                        {
                            "name": "one", 
                            "size": 1430
                        }
                    ], 
                    "name": "I"
                }, 
                {
                    "children": [
                        {
                            "name": "helium", 
                            "size": 592
                        }, 
                        {
                            "name": "he", 
                            "size": 9600
                        }
                    ], 
                    "name": "He"
                }, 
                {
                    "children": [], 
                    "name": "The"
                }, 
                {
                    "children": [
                        {
                            "name": "information_technology", 
                            "size": 8347
                        }
                    ], 
                    "name": "It"
                }, 
                {
                    "children": [], 
                    "name": "would"
                }, 
                {
                    "children": [
                        {
                            "name": "state", 
                            "size": 8473
                        }, 
                        {
                            "name": "allege", 
                            "size": 606
                        }, 
                        {
                            "name": "suppose", 
                            "size": 8581
                        }, 
                        {
                            "name": "read", 
                            "size": 9109
                        }
                    ], 
                    "name": "said"
                }, 
                {
                    "children": [], 
                    "name": "Gawaine"
                }, 
                {
                    "children": [
                        {
                            "name": "lancelot", 
                            "size": 6128
                        }
                    ], 
                    "name": "Lancelot"
                }, 
                {
                    "children": [
                        {
                            "name": "like", 
                            "size": 3039
                        }, 
                        {
                            "name": "like", 
                            "size": 4219
                        }, 
                        {
                            "name": "wish", 
                            "size": 8438
                        }, 
                        {
                            "name": "like", 
                            "size": 6059
                        }
                    ], 
                    "name": "like"
                }, 
                {
                    "children": [], 
                    "name": "Mordred"
                }
            ], 
            "name": "CHP 4"
        }
    ], 
    "name": "Once and Future King"
}