[
    {
        "freq": 5678, 
        "word": ","
    }, 
    {
        "freq": 4439, 
        "word": "the"
    }, 
    {
        "freq": 3618, 
        "word": "."
    }, 
    {
        "freq": 2378, 
        "word": "and"
    }, 
    {
        "freq": 2055, 
        "word": "\""
    }, 
    {
        "freq": 1971, 
        "word": "to"
    }, 
    {
        "freq": 1823, 
        "word": "of"
    }, 
    {
        "freq": 1810, 
        "word": "a"
    }, 
    {
        "freq": 1198, 
        "word": "in"
    }, 
    {
        "freq": 1141, 
        "word": "was"
    }, 
    {
        "freq": 916, 
        "word": "it"
    }, 
    {
        "freq": 850, 
        "word": "'"
    }, 
    {
        "freq": 826, 
        "word": "his"
    }, 
    {
        "freq": 808, 
        "word": "I"
    }, 
    {
        "freq": 805, 
        "word": "you"
    }, 
    {
        "freq": 800, 
        "word": "he"
    }, 
    {
        "freq": 743, 
        "word": ".\""
    }, 
    {
        "freq": 733, 
        "word": "that"
    }, 
    {
        "freq": 723, 
        "word": ",\""
    }, 
    {
        "freq": 696, 
        "word": "with"
    }, 
    {
        "freq": 683, 
        "word": "-"
    }, 
    {
        "freq": 662, 
        "word": "had"
    }, 
    {
        "freq": 631, 
        "word": "said"
    }, 
    {
        "freq": 577, 
        "word": "for"
    }, 
    {
        "freq": 505, 
        "word": "is"
    }, 
    {
        "freq": 500, 
        "word": "on"
    }, 
    {
        "freq": 498, 
        "word": "The"
    }, 
    {
        "freq": 495, 
        "word": "as"
    }, 
    {
        "freq": 476, 
        "word": "not"
    }, 
    {
        "freq": 463, 
        "word": "Wart"
    }
]
