{
    "children": [
        {
            "children": [
                {
                    "children": [
                        {
                            "name": "iodine", 
                            "size": 4137
                        }, 
                        {
                            "name": "one", 
                            "size": 3109
                        }, 
                        {
                            "name": "i", 
                            "size": 2515
                        }, 
                        {
                            "name": "one", 
                            "size": 9943
                        }
                    ], 
                    "name": "I"
                }, 
                {
                    "children": [
                        {
                            "name": "state", 
                            "size": 3188
                        }, 
                        {
                            "name": "allege", 
                            "size": 1909
                        }, 
                        {
                            "name": "suppose", 
                            "size": 415
                        }, 
                        {
                            "name": "read", 
                            "size": 3040
                        }, 
                        {
                            "name": "order", 
                            "size": 8077
                        }, 
                        {
                            "name": "pronounce", 
                            "size": 7925
                        }, 
                        {
                            "name": "say", 
                            "size": 9204
                        }, 
                        {
                            "name": "say", 
                            "size": 7242
                        }, 
                        {
                            "name": "say", 
                            "size": 3870
                        }, 
                        {
                            "name": "say", 
                            "size": 571
                        }, 
                        {
                            "name": "say", 
                            "size": 1898
                        }, 
                        {
                            "name": "aforesaid", 
                            "size": 5770
                        }
                    ], 
                    "name": "said"
                }, 
                {
                    "children": [], 
                    "name": "The"
                }, 
                {
                    "children": [
                        {
                            "name": "wart", 
                            "size": 7936
                        }, 
                        {
                            "name": "wart", 
                            "size": 9652
                        }, 
                        {
                            "name": "wart", 
                            "size": 8565
                        }
                    ], 
                    "name": "Wart"
                }, 
                {
                    "children": [
                        {
                            "name": "helium", 
                            "size": 2348
                        }, 
                        {
                            "name": "he", 
                            "size": 3904
                        }
                    ], 
                    "name": "He"
                }, 
                {
                    "children": [
                        {
                            "name": "like", 
                            "size": 1597
                        }, 
                        {
                            "name": "like", 
                            "size": 7327
                        }, 
                        {
                            "name": "wish", 
                            "size": 9882
                        }, 
                        {
                            "name": "like", 
                            "size": 7875
                        }, 
                        {
                            "name": "like", 
                            "size": 6327
                        }, 
                        {
                            "name": "like", 
                            "size": 5128
                        }, 
                        {
                            "name": "like", 
                            "size": 6353
                        }, 
                        {
                            "name": "like", 
                            "size": 4787
                        }, 
                        {
                            "name": "like", 
                            "size": 6676
                        }, 
                        {
                            "name": "alike", 
                            "size": 7007
                        }, 
                        {
                            "name": "comparable", 
                            "size": 7362
                        }
                    ], 
                    "name": "like"
                }, 
                {
                    "children": [
                        {
                            "name": "information_technology", 
                            "size": 2536
                        }
                    ], 
                    "name": "It"
                }, 
                {
                    "children": [
                        {
                            "name": "sir", 
                            "size": 5471
                        }, 
                        {
                            "name": "sir", 
                            "size": 8144
                        }
                    ], 
                    "name": "Sir"
                }, 
                {
                    "children": [], 
                    "name": "would"
                }, 
                {
                    "children": [
                        {
                            "name": "one", 
                            "size": 6648
                        }, 
                        {
                            "name": "one", 
                            "size": 9148
                        }, 
                        {
                            "name": "one", 
                            "size": 6212
                        }, 
                        {
                            "name": "one", 
                            "size": 5384
                        }, 
                        {
                            "name": "one", 
                            "size": 1903
                        }, 
                        {
                            "name": "one", 
                            "size": 9689
                        }, 
                        {
                            "name": "one", 
                            "size": 1942
                        }, 
                        {
                            "name": "one", 
                            "size": 7841
                        }, 
                        {
                            "name": "matchless", 
                            "size": 587
                        }
                    ], 
                    "name": "one"
                }, 
                {
                    "children": [], 
                    "name": "They"
                }, 
                {
                    "children": [], 
                    "name": "could"
                }, 
                {
                    "children": [
                        {
                            "name": "king", 
                            "size": 7121
                        }, 
                        {
                            "name": "king", 
                            "size": 5887
                        }, 
                        {
                            "name": "baron", 
                            "size": 3885
                        }, 
                        {
                            "name": "king", 
                            "size": 3315
                        }, 
                        {
                            "name": "king", 
                            "size": 3752
                        }, 
                        {
                            "name": "king", 
                            "size": 7422
                        }, 
                        {
                            "name": "king", 
                            "size": 7912
                        }, 
                        {
                            "name": "king", 
                            "size": 5424
                        }, 
                        {
                            "name": "king", 
                            "size": 2515
                        }, 
                        {
                            "name": "king", 
                            "size": 2536
                        }
                    ], 
                    "name": "King"
                }, 
                {
                    "children": [], 
                    "name": "Merlyn"
                }, 
                {
                    "children": [], 
                    "name": "Kay"
                }, 
                {
                    "children": [], 
                    "name": "You"
                }, 
                {
                    "children": [
                        {
                            "name": "go", 
                            "size": 3058
                        }, 
                        {
                            "name": "adam", 
                            "size": 8677
                        }, 
                        {
                            "name": "crack", 
                            "size": 9204
                        }, 
                        {
                            "name": "go", 
                            "size": 264
                        }, 
                        {
                            "name": "travel", 
                            "size": 1414
                        }, 
                        {
                            "name": "go", 
                            "size": 1541
                        }, 
                        {
                            "name": "go", 
                            "size": 2240
                        }, 
                        {
                            "name": "become", 
                            "size": 7631
                        }, 
                        {
                            "name": "go", 
                            "size": 1843
                        }, 
                        {
                            "name": "run", 
                            "size": 1179
                        }, 
                        {
                            "name": "run", 
                            "size": 231
                        }, 
                        {
                            "name": "proceed", 
                            "size": 867
                        }, 
                        {
                            "name": "go", 
                            "size": 4687
                        }, 
                        {
                            "name": "go", 
                            "size": 1381
                        }, 
                        {
                            "name": "sound", 
                            "size": 4326
                        }, 
                        {
                            "name": "function", 
                            "size": 4681
                        }, 
                        {
                            "name": "run_low", 
                            "size": 5432
                        }, 
                        {
                            "name": "move", 
                            "size": 7520
                        }, 
                        {
                            "name": "survive", 
                            "size": 4702
                        }, 
                        {
                            "name": "go", 
                            "size": 1223
                        }, 
                        {
                            "name": "die", 
                            "size": 6796
                        }, 
                        {
                            "name": "belong", 
                            "size": 249
                        }, 
                        {
                            "name": "go", 
                            "size": 9354
                        }, 
                        {
                            "name": "start", 
                            "size": 3308
                        }, 
                        {
                            "name": "move", 
                            "size": 2521
                        }, 
                        {
                            "name": "go", 
                            "size": 2244
                        }, 
                        {
                            "name": "go", 
                            "size": 7256
                        }, 
                        {
                            "name": "blend", 
                            "size": 3503
                        }, 
                        {
                            "name": "go", 
                            "size": 6
                        }, 
                        {
                            "name": "fit", 
                            "size": 3738
                        }, 
                        {
                            "name": "rifle", 
                            "size": 3025
                        }, 
                        {
                            "name": "go", 
                            "size": 127
                        }, 
                        {
                            "name": "plump", 
                            "size": 1346
                        }, 
                        {
                            "name": "fail", 
                            "size": 5741
                        }, 
                        {
                            "name": "go", 
                            "size": 9661
                        }
                    ], 
                    "name": "go"
                }, 
                {
                    "children": [], 
                    "name": "Ector"
                }, 
                {
                    "children": [
                        {
                            "name": "two", 
                            "size": 2644
                        }, 
                        {
                            "name": "deuce", 
                            "size": 8693
                        }, 
                        {
                            "name": "two", 
                            "size": 4074
                        }
                    ], 
                    "name": "two"
                }, 
                {
                    "children": [
                        {
                            "name": "merely", 
                            "size": 6607
                        }
                    ], 
                    "name": "But"
                }
            ], 
            "name": "CHP 1"
        }, 
        {
            "children": [
                {
                    "children": [
                        {
                            "name": "iodine", 
                            "size": 1376
                        }, 
                        {
                            "name": "one", 
                            "size": 1012
                        }, 
                        {
                            "name": "i", 
                            "size": 3355
                        }, 
                        {
                            "name": "one", 
                            "size": 1087
                        }
                    ], 
                    "name": "I"
                }, 
                {
                    "children": [], 
                    "name": "The"
                }, 
                {
                    "children": [
                        {
                            "name": "state", 
                            "size": 8455
                        }, 
                        {
                            "name": "allege", 
                            "size": 4880
                        }, 
                        {
                            "name": "suppose", 
                            "size": 5256
                        }, 
                        {
                            "name": "read", 
                            "size": 9417
                        }, 
                        {
                            "name": "order", 
                            "size": 3469
                        }, 
                        {
                            "name": "pronounce", 
                            "size": 7750
                        }, 
                        {
                            "name": "say", 
                            "size": 290
                        }, 
                        {
                            "name": "say", 
                            "size": 3082
                        }, 
                        {
                            "name": "say", 
                            "size": 7093
                        }, 
                        {
                            "name": "say", 
                            "size": 353
                        }, 
                        {
                            "name": "say", 
                            "size": 6839
                        }, 
                        {
                            "name": "aforesaid", 
                            "size": 2419
                        }
                    ], 
                    "name": "said"
                }, 
                {
                    "children": [
                        {
                            "name": "information_technology", 
                            "size": 7323
                        }
                    ], 
                    "name": "It"
                }, 
                {
                    "children": [
                        {
                            "name": "king", 
                            "size": 4996
                        }, 
                        {
                            "name": "king", 
                            "size": 6896
                        }, 
                        {
                            "name": "baron", 
                            "size": 2144
                        }, 
                        {
                            "name": "king", 
                            "size": 591
                        }, 
                        {
                            "name": "king", 
                            "size": 643
                        }, 
                        {
                            "name": "king", 
                            "size": 7094
                        }, 
                        {
                            "name": "king", 
                            "size": 1837
                        }, 
                        {
                            "name": "king", 
                            "size": 9797
                        }, 
                        {
                            "name": "king", 
                            "size": 6840
                        }, 
                        {
                            "name": "king", 
                            "size": 8297
                        }
                    ], 
                    "name": "King"
                }, 
                {
                    "children": [
                        {
                            "name": "helium", 
                            "size": 793
                        }, 
                        {
                            "name": "he", 
                            "size": 1077
                        }
                    ], 
                    "name": "He"
                }, 
                {
                    "children": [], 
                    "name": "would"
                }, 
                {
                    "children": [], 
                    "name": "could"
                }, 
                {
                    "children": [
                        {
                            "name": "one", 
                            "size": 8314
                        }, 
                        {
                            "name": "one", 
                            "size": 4785
                        }, 
                        {
                            "name": "one", 
                            "size": 4000
                        }, 
                        {
                            "name": "one", 
                            "size": 9351
                        }, 
                        {
                            "name": "one", 
                            "size": 9027
                        }, 
                        {
                            "name": "one", 
                            "size": 3617
                        }, 
                        {
                            "name": "one", 
                            "size": 2621
                        }, 
                        {
                            "name": "one", 
                            "size": 612
                        }, 
                        {
                            "name": "matchless", 
                            "size": 472
                        }
                    ], 
                    "name": "one"
                }, 
                {
                    "children": [
                        {
                            "name": "sir", 
                            "size": 175
                        }, 
                        {
                            "name": "sir", 
                            "size": 185
                        }
                    ], 
                    "name": "Sir"
                }, 
                {
                    "children": [
                        {
                            "name": "like", 
                            "size": 5454
                        }, 
                        {
                            "name": "like", 
                            "size": 7453
                        }, 
                        {
                            "name": "wish", 
                            "size": 1977
                        }, 
                        {
                            "name": "like", 
                            "size": 1375
                        }, 
                        {
                            "name": "like", 
                            "size": 931
                        }, 
                        {
                            "name": "like", 
                            "size": 1567
                        }, 
                        {
                            "name": "like", 
                            "size": 1322
                        }, 
                        {
                            "name": "like", 
                            "size": 3995
                        }, 
                        {
                            "name": "like", 
                            "size": 3258
                        }, 
                        {
                            "name": "alike", 
                            "size": 8200
                        }, 
                        {
                            "name": "comparable", 
                            "size": 5553
                        }
                    ], 
                    "name": "like"
                }, 
                {
                    "children": [], 
                    "name": "They"
                }, 
                {
                    "children": [
                        {
                            "name": "merely", 
                            "size": 4928
                        }
                    ], 
                    "name": "But"
                }, 
                {
                    "children": [
                        {
                            "name": "there", 
                            "size": 5059
                        }, 
                        {
                            "name": "there", 
                            "size": 2827
                        }, 
                        {
                            "name": "there", 
                            "size": 236
                        }, 
                        {
                            "name": "there", 
                            "size": 6095
                        }
                    ], 
                    "name": "There"
                }, 
                {
                    "children": [], 
                    "name": "You"
                }, 
                {
                    "children": [], 
                    "name": "We"
                }, 
                {
                    "children": [], 
                    "name": "Merlyn"
                }, 
                {
                    "children": [
                        {
                            "name": "see", 
                            "size": 349
                        }, 
                        {
                            "name": "see", 
                            "size": 6077
                        }, 
                        {
                            "name": "understand", 
                            "size": 7650
                        }, 
                        {
                            "name": "witness", 
                            "size": 730
                        }, 
                        {
                            "name": "visualize", 
                            "size": 2174
                        }, 
                        {
                            "name": "see", 
                            "size": 2667
                        }, 
                        {
                            "name": "learn", 
                            "size": 759
                        }, 
                        {
                            "name": "watch", 
                            "size": 3261
                        }, 
                        {
                            "name": "meet", 
                            "size": 6521
                        }, 
                        {
                            "name": "determine", 
                            "size": 6723
                        }, 
                        {
                            "name": "see", 
                            "size": 6200
                        }, 
                        {
                            "name": "see", 
                            "size": 9638
                        }, 
                        {
                            "name": "see", 
                            "size": 4405
                        }, 
                        {
                            "name": "visit", 
                            "size": 2428
                        }, 
                        {
                            "name": "attend", 
                            "size": 7177
                        }, 
                        {
                            "name": "see", 
                            "size": 8971
                        }, 
                        {
                            "name": "go_steady", 
                            "size": 9361
                        }, 
                        {
                            "name": "see", 
                            "size": 514
                        }, 
                        {
                            "name": "see", 
                            "size": 2193
                        }, 
                        {
                            "name": "see", 
                            "size": 340
                        }, 
                        {
                            "name": "examine", 
                            "size": 7877
                        }, 
                        {
                            "name": "experience", 
                            "size": 6564
                        }, 
                        {
                            "name": "see", 
                            "size": 9242
                        }, 
                        {
                            "name": "see", 
                            "size": 3614
                        }, 
                        {
                            "name": "interpret", 
                            "size": 4903
                        }
                    ], 
                    "name": "see"
                }, 
                {
                    "children": [
                        {
                            "name": "arthur", 
                            "size": 497
                        }, 
                        {
                            "name": "arthur", 
                            "size": 9256
                        }
                    ], 
                    "name": "Arthur"
                }, 
                {
                    "children": [], 
                    "name": "Grummore"
                }
            ], 
            "name": "CHP 2"
        }, 
        {
            "children": [
                {
                    "children": [
                        {
                            "name": "iodine", 
                            "size": 9754
                        }, 
                        {
                            "name": "one", 
                            "size": 1956
                        }, 
                        {
                            "name": "i", 
                            "size": 1455
                        }, 
                        {
                            "name": "one", 
                            "size": 2444
                        }
                    ], 
                    "name": "I"
                }, 
                {
                    "children": [
                        {
                            "name": "lancelot", 
                            "size": 8819
                        }
                    ], 
                    "name": "Lancelot"
                }, 
                {
                    "children": [
                        {
                            "name": "helium", 
                            "size": 2930
                        }, 
                        {
                            "name": "he", 
                            "size": 2404
                        }
                    ], 
                    "name": "He"
                }, 
                {
                    "children": [
                        {
                            "name": "state", 
                            "size": 5615
                        }, 
                        {
                            "name": "allege", 
                            "size": 8416
                        }, 
                        {
                            "name": "suppose", 
                            "size": 5347
                        }, 
                        {
                            "name": "read", 
                            "size": 7871
                        }, 
                        {
                            "name": "order", 
                            "size": 5106
                        }, 
                        {
                            "name": "pronounce", 
                            "size": 6269
                        }, 
                        {
                            "name": "say", 
                            "size": 5689
                        }, 
                        {
                            "name": "say", 
                            "size": 6191
                        }, 
                        {
                            "name": "say", 
                            "size": 6625
                        }, 
                        {
                            "name": "say", 
                            "size": 9936
                        }, 
                        {
                            "name": "say", 
                            "size": 7155
                        }, 
                        {
                            "name": "aforesaid", 
                            "size": 5974
                        }
                    ], 
                    "name": "said"
                }, 
                {
                    "children": [], 
                    "name": "The"
                }, 
                {
                    "children": [
                        {
                            "name": "information_technology", 
                            "size": 9775
                        }
                    ], 
                    "name": "It"
                }, 
                {
                    "children": [], 
                    "name": "would"
                }, 
                {
                    "children": [
                        {
                            "name": "sir", 
                            "size": 1274
                        }, 
                        {
                            "name": "sir", 
                            "size": 1801
                        }
                    ], 
                    "name": "Sir"
                }, 
                {
                    "children": [
                        {
                            "name": "like", 
                            "size": 9434
                        }, 
                        {
                            "name": "like", 
                            "size": 7385
                        }, 
                        {
                            "name": "wish", 
                            "size": 7482
                        }, 
                        {
                            "name": "like", 
                            "size": 1951
                        }, 
                        {
                            "name": "like", 
                            "size": 1320
                        }, 
                        {
                            "name": "like", 
                            "size": 6897
                        }, 
                        {
                            "name": "like", 
                            "size": 9718
                        }, 
                        {
                            "name": "like", 
                            "size": 7611
                        }, 
                        {
                            "name": "like", 
                            "size": 8762
                        }, 
                        {
                            "name": "alike", 
                            "size": 6053
                        }, 
                        {
                            "name": "comparable", 
                            "size": 7911
                        }
                    ], 
                    "name": "like"
                }, 
                {
                    "children": [], 
                    "name": "could"
                }, 
                {
                    "children": [
                        {
                            "name": "one", 
                            "size": 4961
                        }, 
                        {
                            "name": "one", 
                            "size": 5934
                        }, 
                        {
                            "name": "one", 
                            "size": 2344
                        }, 
                        {
                            "name": "one", 
                            "size": 3454
                        }, 
                        {
                            "name": "one", 
                            "size": 4010
                        }, 
                        {
                            "name": "one", 
                            "size": 7384
                        }, 
                        {
                            "name": "one", 
                            "size": 1173
                        }, 
                        {
                            "name": "one", 
                            "size": 8992
                        }, 
                        {
                            "name": "matchless", 
                            "size": 1393
                        }
                    ], 
                    "name": "one"
                }, 
                {
                    "children": [], 
                    "name": "She"
                }, 
                {
                    "children": [
                        {
                            "name": "king", 
                            "size": 62
                        }, 
                        {
                            "name": "king", 
                            "size": 6792
                        }, 
                        {
                            "name": "baron", 
                            "size": 2391
                        }, 
                        {
                            "name": "king", 
                            "size": 6393
                        }, 
                        {
                            "name": "king", 
                            "size": 2360
                        }, 
                        {
                            "name": "king", 
                            "size": 8419
                        }, 
                        {
                            "name": "king", 
                            "size": 6749
                        }, 
                        {
                            "name": "king", 
                            "size": 7052
                        }, 
                        {
                            "name": "king", 
                            "size": 131
                        }, 
                        {
                            "name": "king", 
                            "size": 4071
                        }
                    ], 
                    "name": "King"
                }, 
                {
                    "children": [
                        {
                            "name": "arthur", 
                            "size": 6993
                        }, 
                        {
                            "name": "arthur", 
                            "size": 5076
                        }
                    ], 
                    "name": "Arthur"
                }, 
                {
                    "children": [
                        {
                            "name": "merely", 
                            "size": 1547
                        }
                    ], 
                    "name": "But"
                }, 
                {
                    "children": [], 
                    "name": "You"
                }, 
                {
                    "children": [], 
                    "name": "They"
                }, 
                {
                    "children": [], 
                    "name": "Guenever"
                }, 
                {
                    "children": [
                        {
                            "name": "knight", 
                            "size": 2314
                        }, 
                        {
                            "name": "knight", 
                            "size": 5479
                        }, 
                        {
                            "name": "knight", 
                            "size": 7184
                        }
                    ], 
                    "name": "knight"
                }, 
                {
                    "children": [
                        {
                            "name": "man", 
                            "size": 9087
                        }, 
                        {
                            "name": "serviceman", 
                            "size": 1223
                        }, 
                        {
                            "name": "man", 
                            "size": 1975
                        }, 
                        {
                            "name": "homo", 
                            "size": 9982
                        }, 
                        {
                            "name": "man", 
                            "size": 5204
                        }, 
                        {
                            "name": "man", 
                            "size": 7491
                        }, 
                        {
                            "name": "valet", 
                            "size": 3694
                        }, 
                        {
                            "name": "man", 
                            "size": 829
                        }, 
                        {
                            "name": "man", 
                            "size": 5532
                        }, 
                        {
                            "name": "man", 
                            "size": 3531
                        }, 
                        {
                            "name": "world", 
                            "size": 6064
                        }, 
                        {
                            "name": "man", 
                            "size": 3972
                        }, 
                        {
                            "name": "man", 
                            "size": 9767
                        }
                    ], 
                    "name": "man"
                }
            ], 
            "name": "CHP 3"
        }, 
        {
            "children": [
                {
                    "children": [
                        {
                            "name": "iodine", 
                            "size": 9409
                        }, 
                        {
                            "name": "one", 
                            "size": 9924
                        }, 
                        {
                            "name": "i", 
                            "size": 6439
                        }, 
                        {
                            "name": "one", 
                            "size": 1250
                        }
                    ], 
                    "name": "I"
                }, 
                {
                    "children": [
                        {
                            "name": "helium", 
                            "size": 68
                        }, 
                        {
                            "name": "he", 
                            "size": 9164
                        }
                    ], 
                    "name": "He"
                }, 
                {
                    "children": [], 
                    "name": "The"
                }, 
                {
                    "children": [
                        {
                            "name": "information_technology", 
                            "size": 2219
                        }
                    ], 
                    "name": "It"
                }, 
                {
                    "children": [], 
                    "name": "would"
                }, 
                {
                    "children": [
                        {
                            "name": "state", 
                            "size": 5629
                        }, 
                        {
                            "name": "allege", 
                            "size": 1933
                        }, 
                        {
                            "name": "suppose", 
                            "size": 616
                        }, 
                        {
                            "name": "read", 
                            "size": 3293
                        }, 
                        {
                            "name": "order", 
                            "size": 3771
                        }, 
                        {
                            "name": "pronounce", 
                            "size": 828
                        }, 
                        {
                            "name": "say", 
                            "size": 7560
                        }, 
                        {
                            "name": "say", 
                            "size": 5446
                        }, 
                        {
                            "name": "say", 
                            "size": 8724
                        }, 
                        {
                            "name": "say", 
                            "size": 3111
                        }, 
                        {
                            "name": "say", 
                            "size": 3766
                        }, 
                        {
                            "name": "aforesaid", 
                            "size": 4794
                        }
                    ], 
                    "name": "said"
                }, 
                {
                    "children": [], 
                    "name": "Gawaine"
                }, 
                {
                    "children": [
                        {
                            "name": "lancelot", 
                            "size": 3312
                        }
                    ], 
                    "name": "Lancelot"
                }, 
                {
                    "children": [
                        {
                            "name": "like", 
                            "size": 1845
                        }, 
                        {
                            "name": "like", 
                            "size": 5464
                        }, 
                        {
                            "name": "wish", 
                            "size": 4193
                        }, 
                        {
                            "name": "like", 
                            "size": 5962
                        }, 
                        {
                            "name": "like", 
                            "size": 57
                        }, 
                        {
                            "name": "like", 
                            "size": 5094
                        }, 
                        {
                            "name": "like", 
                            "size": 6224
                        }, 
                        {
                            "name": "like", 
                            "size": 5085
                        }, 
                        {
                            "name": "like", 
                            "size": 9106
                        }, 
                        {
                            "name": "alike", 
                            "size": 9102
                        }, 
                        {
                            "name": "comparable", 
                            "size": 380
                        }
                    ], 
                    "name": "like"
                }, 
                {
                    "children": [], 
                    "name": "Mordred"
                }, 
                {
                    "children": [
                        {
                            "name": "king", 
                            "size": 8716
                        }, 
                        {
                            "name": "king", 
                            "size": 1
                        }, 
                        {
                            "name": "baron", 
                            "size": 5840
                        }, 
                        {
                            "name": "king", 
                            "size": 6785
                        }, 
                        {
                            "name": "king", 
                            "size": 4565
                        }, 
                        {
                            "name": "king", 
                            "size": 8189
                        }, 
                        {
                            "name": "king", 
                            "size": 5984
                        }, 
                        {
                            "name": "king", 
                            "size": 6354
                        }, 
                        {
                            "name": "king", 
                            "size": 4442
                        }, 
                        {
                            "name": "king", 
                            "size": 7873
                        }
                    ], 
                    "name": "King"
                }, 
                {
                    "children": [
                        {
                            "name": "arthur", 
                            "size": 36
                        }, 
                        {
                            "name": "arthur", 
                            "size": 3841
                        }
                    ], 
                    "name": "Arthur"
                }, 
                {
                    "children": [
                        {
                            "name": "sir", 
                            "size": 4605
                        }, 
                        {
                            "name": "sir", 
                            "size": 3197
                        }
                    ], 
                    "name": "Sir"
                }, 
                {
                    "children": [
                        {
                            "name": "merely", 
                            "size": 6885
                        }
                    ], 
                    "name": "But"
                }, 
                {
                    "children": [], 
                    "name": "could"
                }, 
                {
                    "children": [], 
                    "name": "They"
                }, 
                {
                    "children": [], 
                    "name": "You"
                }, 
                {
                    "children": [
                        {
                            "name": "man", 
                            "size": 408
                        }, 
                        {
                            "name": "serviceman", 
                            "size": 8539
                        }, 
                        {
                            "name": "man", 
                            "size": 7314
                        }, 
                        {
                            "name": "homo", 
                            "size": 4292
                        }, 
                        {
                            "name": "man", 
                            "size": 7855
                        }, 
                        {
                            "name": "man", 
                            "size": 6225
                        }, 
                        {
                            "name": "valet", 
                            "size": 745
                        }, 
                        {
                            "name": "man", 
                            "size": 4998
                        }, 
                        {
                            "name": "man", 
                            "size": 4213
                        }, 
                        {
                            "name": "man", 
                            "size": 7774
                        }, 
                        {
                            "name": "world", 
                            "size": 7675
                        }, 
                        {
                            "name": "man", 
                            "size": 4638
                        }, 
                        {
                            "name": "man", 
                            "size": 1253
                        }
                    ], 
                    "name": "man"
                }, 
                {
                    "children": [
                        {
                            "name": "one", 
                            "size": 11
                        }, 
                        {
                            "name": "one", 
                            "size": 9588
                        }, 
                        {
                            "name": "one", 
                            "size": 2484
                        }, 
                        {
                            "name": "one", 
                            "size": 1908
                        }, 
                        {
                            "name": "one", 
                            "size": 1701
                        }, 
                        {
                            "name": "one", 
                            "size": 7023
                        }, 
                        {
                            "name": "one", 
                            "size": 6190
                        }, 
                        {
                            "name": "one", 
                            "size": 3706
                        }, 
                        {
                            "name": "matchless", 
                            "size": 8729
                        }
                    ], 
                    "name": "one"
                }, 
                {
                    "children": [
                        {
                            "name": "go", 
                            "size": 1356
                        }, 
                        {
                            "name": "adam", 
                            "size": 402
                        }, 
                        {
                            "name": "crack", 
                            "size": 6342
                        }, 
                        {
                            "name": "go", 
                            "size": 76
                        }, 
                        {
                            "name": "travel", 
                            "size": 3552
                        }, 
                        {
                            "name": "go", 
                            "size": 8845
                        }, 
                        {
                            "name": "go", 
                            "size": 7453
                        }, 
                        {
                            "name": "become", 
                            "size": 2004
                        }, 
                        {
                            "name": "go", 
                            "size": 5070
                        }, 
                        {
                            "name": "run", 
                            "size": 6303
                        }, 
                        {
                            "name": "run", 
                            "size": 4438
                        }, 
                        {
                            "name": "proceed", 
                            "size": 9590
                        }, 
                        {
                            "name": "go", 
                            "size": 8649
                        }, 
                        {
                            "name": "go", 
                            "size": 2017
                        }, 
                        {
                            "name": "sound", 
                            "size": 7866
                        }, 
                        {
                            "name": "function", 
                            "size": 280
                        }, 
                        {
                            "name": "run_low", 
                            "size": 2093
                        }, 
                        {
                            "name": "move", 
                            "size": 9350
                        }, 
                        {
                            "name": "survive", 
                            "size": 4441
                        }, 
                        {
                            "name": "go", 
                            "size": 993
                        }, 
                        {
                            "name": "die", 
                            "size": 9560
                        }, 
                        {
                            "name": "belong", 
                            "size": 1949
                        }, 
                        {
                            "name": "go", 
                            "size": 7427
                        }, 
                        {
                            "name": "start", 
                            "size": 7191
                        }, 
                        {
                            "name": "move", 
                            "size": 3821
                        }, 
                        {
                            "name": "go", 
                            "size": 8875
                        }, 
                        {
                            "name": "go", 
                            "size": 382
                        }, 
                        {
                            "name": "blend", 
                            "size": 6875
                        }, 
                        {
                            "name": "go", 
                            "size": 1217
                        }, 
                        {
                            "name": "fit", 
                            "size": 5137
                        }, 
                        {
                            "name": "rifle", 
                            "size": 607
                        }, 
                        {
                            "name": "go", 
                            "size": 1821
                        }, 
                        {
                            "name": "plump", 
                            "size": 484
                        }, 
                        {
                            "name": "fail", 
                            "size": 5238
                        }, 
                        {
                            "name": "go", 
                            "size": 6223
                        }
                    ], 
                    "name": "go"
                }
            ], 
            "name": "CHP 4"
        }
    ], 
    "name": "flare"
}