[
    {
        "catalog": 106800, 
        "name": "Adjective in Chapter 1", 
        "percentage": 24
    }, 
    {
        "catalog": 7800, 
        "name": "Preposition in Chapter 1", 
        "percentage": 24
    }, 
    {
        "catalog": 800, 
        "name": "Conjuction in Chapter 1", 
        "percentage": 24
    }, 
    {
        "catalog": 189800, 
        "name": "Verb in Chapter 1", 
        "percentage": 24
    }, 
    {
        "catalog": 682700, 
        "name": "Noun in Chapter 1", 
        "percentage": 24
    }, 
    {
        "catalog": 2700, 
        "name": "Determiner in Chapter 1", 
        "percentage": 24
    }, 
    {
        "catalog": 4200, 
        "name": "Pronoun in Chapter 1", 
        "percentage": 24
    }, 
    {
        "catalog": 40800, 
        "name": "Adverb in Chapter 1", 
        "percentage": 24
    }, 
    {
        "catalog": 5700, 
        "name": "Numeral in Chapter 1", 
        "percentage": 24
    }, 
    {
        "catalog": 400, 
        "name": "Particle in Chapter 1", 
        "percentage": 24
    }, 
    {
        "catalog": 58300, 
        "name": "Adjective in Chapter 2", 
        "percentage": 48
    }, 
    {
        "catalog": 6300, 
        "name": "Preposition in Chapter 2", 
        "percentage": 48
    }, 
    {
        "catalog": 500, 
        "name": "Conjuction in Chapter 2", 
        "percentage": 48
    }, 
    {
        "catalog": 124400, 
        "name": "Verb in Chapter 2", 
        "percentage": 48
    }, 
    {
        "catalog": 403200, 
        "name": "Noun in Chapter 2", 
        "percentage": 48
    }, 
    {
        "catalog": 2500, 
        "name": "Determiner in Chapter 2", 
        "percentage": 48
    }, 
    {
        "catalog": 3500, 
        "name": "Pronoun in Chapter 2", 
        "percentage": 48
    }, 
    {
        "catalog": 25900, 
        "name": "Adverb in Chapter 2", 
        "percentage": 48
    }, 
    {
        "catalog": 2900, 
        "name": "Numeral in Chapter 2", 
        "percentage": 48
    }, 
    {
        "catalog": 300, 
        "name": "Particle in Chapter 2", 
        "percentage": 48
    }, 
    {
        "catalog": 94000, 
        "name": "Adjective in Chapter 3", 
        "percentage": 72
    }, 
    {
        "catalog": 6100, 
        "name": "Preposition in Chapter 3", 
        "percentage": 72
    }, 
    {
        "catalog": 800, 
        "name": "Conjuction in Chapter 3", 
        "percentage": 72
    }, 
    {
        "catalog": 175700, 
        "name": "Verb in Chapter 3", 
        "percentage": 72
    }, 
    {
        "catalog": 619600, 
        "name": "Noun in Chapter 3", 
        "percentage": 72
    }, 
    {
        "catalog": 2700, 
        "name": "Determiner in Chapter 3", 
        "percentage": 72
    }, 
    {
        "catalog": 4200, 
        "name": "Pronoun in Chapter 3", 
        "percentage": 72
    }, 
    {
        "catalog": 37400, 
        "name": "Adverb in Chapter 3", 
        "percentage": 72
    }, 
    {
        "catalog": 6400, 
        "name": "Numeral in Chapter 3", 
        "percentage": 72
    }, 
    {
        "catalog": 300, 
        "name": "Particle in Chapter 3", 
        "percentage": 72
    }, 
    {
        "catalog": 64200, 
        "name": "Adjective in Chapter 4", 
        "percentage": 96
    }, 
    {
        "catalog": 6000, 
        "name": "Preposition in Chapter 4", 
        "percentage": 96
    }, 
    {
        "catalog": 800, 
        "name": "Conjuction in Chapter 4", 
        "percentage": 96
    }, 
    {
        "catalog": 137600, 
        "name": "Verb in Chapter 4", 
        "percentage": 96
    }, 
    {
        "catalog": 466700, 
        "name": "Noun in Chapter 4", 
        "percentage": 96
    }, 
    {
        "catalog": 2800, 
        "name": "Determiner in Chapter 4", 
        "percentage": 96
    }, 
    {
        "catalog": 3900, 
        "name": "Pronoun in Chapter 4", 
        "percentage": 96
    }, 
    {
        "catalog": 28400, 
        "name": "Adverb in Chapter 4", 
        "percentage": 96
    }, 
    {
        "catalog": 2700, 
        "name": "Numeral in Chapter 4", 
        "percentage": 96
    }, 
    {
        "catalog": 400, 
        "name": "Particle in Chapter 4", 
        "percentage": 96
    }
]